"Website","Product Name","Price","Image URL","Specification 1","Specification 2","Specification 3","Specification 4","Specification 5","Specification 6","Specification 7","Specification 8","Specification 9","Specification 10","Specification 11","Specification 12","Specification 13","Specification 14","Specification 15","Specification 16","Specification 17","Specification 18","Specification 19","Specification 20","Specification 21","Specification 22","Specification 23","Specification 24","Specification 25","Specification 26","Specification 27","Specification 28","Specification 29","Specification 30","Specification 31","Specification 32","Specification 33","Specification 34","Specification 35","Specification 36","Specification 37","Specification 38","Specification 39","Specification 40","Specification 41","Specification 42","Specification 43","Specification 44","Specification 45","Specification 46","Specification 47"
"RIVERSOFT","Frizider Minibar Muhler MB51WF","6899.00 ден.","https://digimak.s3.eu-west-1.amazonaws.com/riversoft/9992907/1.webp","Климатска класа: ST","Ниво на бучава: 39dB","Вкупен волумен: 41L","Волумен на фрижидерски дел: 41L","Годишна потрошувачка на енергија: 99kWh","Фрижидер: R600a","Енергетска класа: F","Реверзибилна врата: Да","No Frost: Не","Фрижидерен дел: 1 полица, 2 полици на вратата","Тежина на испорака: 15кг","Нето тежина: 14кг","Димензии на производот (WxHxD): 440x515x475mm","Димензии на пакетот (WxHxD): 460x528x510mm","Боја: Бела","","","","","","","","","","","","","","","","","","","","","","","","","","","","","","","",""
"RIVERSOFT","Frizider minibar Muhler MB51IF","7199.00 ден.","https://digimak.s3.eu-west-1.amazonaws.com/riversoft/9998021/1.webp","Климатска класа: ST","Ниво на бучава: 39dB","Вкупен волумен: 41L","Волумен на фрижидерски дел: 41L","Годишна потрошувачка на енергија: 99kWh","Фрижидер: R600a","Енергетска класа: F","Реверзибилна врата: Да","No Frost: Не","Фрижидерен дел: 1 полица, 2 полици на вратата","Тежина на испорака: 15кг","Нето тежина: 14кг","Димензии на производот (WxHxD): 440x515x475mm","Димензии на пакетот (WxHxD): 460x528x510mm","Боја: Инокс","","","","","","","","","","","","","","","","","","","","","","","","","","","","","","","",""
"RIVERSOFT","Frizider VOX KS 1200E , E klasa, 82L","7999.00 ден.","https://digimak.s3.eu-west-1.amazonaws.com/riversoft/107447/1.webp","ОСНОВНИ ИНФОРМАЦИИ","Нето - волумен на артиклите во фрижидерот 90 л","Бојата Бело","Гаранција 5 години","Класа на енергија E","Тип на контрола Механички","ТЕХНИЧКИ КАРАКТЕРИСТИКИ","Внатрешност на фрижидерот 3 стаклени сталажи, 1 фиока, 2 полици-сталажи со врати","Годишно потрошена енергија (kWh) 107 kWh","Климатска класа T / SN","Нето капацитет на уредот 90 l","Ниво на бучава 41 dB","Реверзибилна врата Да","Систем за ладење Static","Систем за одмрзнување Автоматски","Сретство за ладење R600a","Тивко работење Дa","БЕЗБЕДНА УПОТРЕБА","Анти-бактериска заштита Да","ДИМЕНЗИИ И ТЕЖИНА","Нето тежина 23 kg","Количински товар (40ftHC контејнер) 274 ком","Вкупна тежина 25 кг","Димензии на уредот (ШxВxД) 480x821x500 мм","Дименѕије спкованог апарата (ШxВxД) 519x878x544 мм","","","","","","","","","","","","","","","","","","","","","",""
"RIVERSOFT","Frizider VOX KS 1100E 89L(77L/12L) Bel E klasa","8299.00 ден.","https://digimak.s3.eu-west-1.amazonaws.com/riversoft/9998348/1.webp","Нето - волумен на артиклите во фрижидерот 77 л","Бојата Бело","Класа на енергија E","Нето - волумен на артиклите во замрзнувачот 12 л","Тип на контрола Механички","ТЕХНИЧКИ КАРАКТЕРИСТИКИ","Годишно потрошена енергија (kWh) 136 kWh","Емисија на бучава 41 dB","Нето капацитет на уредот 89 l","Реверзибилна врата Да","Систем за ладење Static","Систем за одмрзнување Автоматски / Прирачник","Сретство за ладење R600a","БЕЗБЕДНА УПОТРЕБА","Анти-бактериска заштита Да","ДИМЕНЗИИ И ТЕЖИНА","Нето тежина 22.5 кг","Вкупна тежина 24.5 кг","Димензии на уредот (ШxВxД) 480x821x500 мм","Димензија на спакуван апарат (ШxВxД) 519x878x544 мм","","","","","","","","","","","","","","","","","","","","","","","","","","",""
"RIVERSOFT","Frizider VOX KS1430E 122L(105L/17L) so mala komora Bel E klasa","10499.00 ден.","https://digimak.s3.eu-west-1.amazonaws.com/riversoft/9999377/1.webp","ОСНОВНИ ИНФОРМАЦИИ","Нето - волумен на артиклите во фрижидерот 105 л","Бојата Бела","Гаранција 5 години","Нето - волумен на артиклите во замрзнувачот 17 л","Тип на контрола Механички","ТЕХНИЧКИ КАРАКТЕРИСТИКИ","Капацитет на замрзнување 2.6 кг","Емисија на бучава 40 dB","Класа на емисија на бучава C","Нето капацитет на уредот 122 л","Ниво на бучава 40 dB","Реверзибилна врата Да","Систем за ладење Static","Систем за одмрзнување Автоматски / Прирачник","Сретство за ладење R600a","Тивко работење Дa","Час за осветлување F","БЕЗБЕДНА УПОТРЕБА","Анти-бактериска заштита Да","ДИМЕНЗИИ И ТЕЖИНА","Димензии на уредот (ШxВxД) 540x838x595 мм","Дименѕије спкованог апарата (ШxВxД) 578x883x632 мм","","","","","","","","","","","","","","","","","","","","","","","",""
"RIVERSOFT","Frizider VOX KS 1430 SF ,Siv , so vnatresna komora 104/17L ,F klasa","10599.00 ден.","https://digimak.s3.eu-west-1.amazonaws.com/riversoft/50125-3/1.webp","Категорија Фрижидери со една врата","Тип Фрижидер со една врата","Нето капацитет на уредот 121 l","Бруто капацитет на уредот 123 l","Нето - волумен на артиклите во фрижидерот 104 l","Нето - волумен на артиклите во замрзнувачот 17 l","Капацитет на замрзнување 2 кг","Внатрешност на фрижидерот 2 стаклени сталажи,1 фиока, 3 сталажи со врати","Внатрешен замрзнувач Комора","Технологија Тивко работење","Климатска класа T / SN","Гас R600a","Класа на енергија A+","Реверзибилна врата Да","Ниво на бучава 40 dB","Потрошена енергија 182 kWh","Длабочина на фрижидерот 595 мм","Ширина на фрижидерот 540 мм","Висина на фрижидерот 838 mm","Гаранција 5 години","Boja Сива","Димензии на апаратот (ШxВxД) 578x883x632 мм","Нето тежина 27,5","Вкупна тежина 29,5 kg","Количината на товарот (40 ft HC контејнер) 225 ком","Гаранција 5 години","","","","","","","","","","","","","","","","","","","","",""
"RIVERSOFT","Frizider VOX KS1430SE 122L(105L/17L) so mala komora Inox E klasa","11099.00 ден.","https://digimak.s3.eu-west-1.amazonaws.com/riversoft/9999233/1.webp","ОСНОВНИ ИНФОРМАЦИИ","Нето - волумен на артиклите во фрижидерот 105 л","Бојата Сиво","Гаранција 5 години","Нето - волумен на артиклите во замрзнувачот 17 л","Тип на контрола Механички","ТЕХНИЧКИ КАРАКТЕРИСТИКИ","Капацитет на замрзнување 2.6 кг","Емисија на бучава 40 dB","Класа на емисија на бучава C","Нето капацитет на уредот 122 л","Ниво на бучава 40 dB","Реверзибилна врата Да","Систем за ладење Static","Систем за одмрзнување Автоматски / Прирачник","Сретство за ладење R600a","Тивко работење Дa","Час за осветлување F","БЕЗБЕДНА УПОТРЕБА","Анти-бактериска заштита Да","ДИМЕНЗИИ И ТЕЖИНА","Димензии на уредот (ШxВxД) 540x838x595 мм","Дименѕије спкованог апарата (ШxВxД) 578x883x632 мм","","","","","","","","","","","","","","","","","","","","","","","",""
"RIVERSOFT","Frizider kombiniran VOX KG 2500SE Srebren 213L(171L/42L) E klasa","12749.00 ден.","https://digimak.s3.eu-west-1.amazonaws.com/riversoft/9998349/1.webp","Нето - волумен на артиклите во фрижидерот 171 л","Бојата Cиво","Гаранција 5 години","Класа на енергија E","Нето - волумен на артиклите во замрзнувачот 42 л","ТЕХНИЧКИ КАРАКТЕРИСТИКИ","Капацитет на замрзнување 2.6 кг","Годишно потрошена енергија (kWh) 213 kWh","Емисија на бучава 41 dB","Климатска класа N","Нето капацитет на уредот 213 л","Ниво на бучава 41 dB","Реверзибилна врата Да","Сретство за ладење R600a","Тивко работење Дa","БЕЗБЕДНА УПОТРЕБА","Анти-бактериска заштита Да","","","","","","","","","","","","","","","","","","","","","","","","","","","","","",""
"RIVERSOFT","Frizider HOOBART RFHBHOLA143SW, A","12999.00 ден.","https://digimak.s3.eu-west-1.amazonaws.com/riversoft/47014136/1.webp","Фрижидер","Енергетска класа: A","Ниво на бучава: 40dB","Механички контроли","Димензии: 54.5 x 55.5 x 143cm","","","","","","","","","","","","","","","","","","","","","","","","","","","","","","","","","","","","","","","","","",""
"RIVERSOFT","Frizider VOX KS 2830 F , White, Odrzuvac, 255L, 41db, F klasa","13999.00 ден.","https://digimak.s3.eu-west-1.amazonaws.com/riversoft/116353-1/1.webp","Категорија Фрижидери со една врата","Тип Фрижидер со една врата","Тип на контрола Механички","Нето капацитет на уредот 255 л","Нето - волумен на артиклите во фрижидерот 255 л","Внатрешност на фрижидерот 5 стаклени полици, 1 фиока, 4 полици -сталажи со врати","Систем за ладење Static","Систем за одмрзнување Автоматски","Сад за јајца Да","Технологија Анти-бактериска заштита","Класа на енергија F","Гас R600a","Zero Clearance Да","Климатска класа N","Емисија на бучава 41 dB","Класа на емисија на бучава C","Вид на осветлување LED","Час за осветлување F","Реверзибилна врата Да","Полици за прилагодување Да","Лесно чистење на ентериерот Да","Потрошена енергија (kWh/години) 132 kWh","Висина на фрижидерот 1455 мм","Ширина на фрижидерот 540 мм","Длабочина на фрижидерот 595 мм","Гаранција 5 години","Боја Бела","Димензии на спакован (ШxВxД) 578x1509x632 мм","Нето тежина 39 кг","Вкупна тежина 42 кг","","","","","","","","","","","","","","","","",""
"RIVERSOFT","Frizider HOOBART RFHBHOLA143SS, А","13999.00 ден.","https://digimak.s3.eu-west-1.amazonaws.com/riversoft/47014137/1.webp","Фрижидер","Енергетска класа: A","Ниво на бучава: 40dB","Механички контроли","Димензии: 54.5 x 55.5 x 143cm","","","","","","","","","","","","","","","","","","","","","","","","","","","","","","","","","","","","","","","","","",""
"RIVERSOFT","Frizider kombiniran DAEWOO FTL213FUT0RS Svetlo Plav, Lil-Frost, F klasa","10999.00 ден.","https://digimak.s3.eu-west-1.amazonaws.com/riversoft/151205/1.webp","Frizider DAEWOO FTL213FUT0RS Svetlo Plav,","Lil-Frost,","F енергетска класа,","Нето волумен 213l (171+42l),","LED осветлување,","Полици од калено стакло,","OptiCrisp Zone,","Odor Free,","Easy-to-Change Door,","Димензии (Ш*В*Д): 540*1450*570,","Светло плава боја","Гаранција 2 години","","","","","","","","","","","","","","","","","","","","","","","","","","","","","","","","","","",""
"RIVERSOFT","Frizider kombiniran VOX KK 3300F W , A+ , 270L(186L/84L)","16299.00 ден.","https://digimak.s3.eu-west-1.amazonaws.com/riversoft/107445/1.webp","Нето капацитет на уредот 268 л","Бруто капацитет на уредот 270 л","Нето - волумен на артиклите во фрижидерот 184 л","Нето - волумен на артиклите во замрзнувачот 84 л","Внатрешност на фрижидерот 4 стаклени плочи, 1 фиоки, 4полици со врати","Внатрешен замрзнувач 3 фиоки","Капацитет на замрзнување 4 кг","Технологија Внатрешно лед осветлување, Тивко работење","Климатска класа ST / N","Гас R600a","Класа на енергија A+","Реверзибилна врата Да","Ниво на бучава 40 dB","Потрошена енергија (kWh/години) 257 kWh","Висина на фрижидерот 1700 mm","Ширина на фрижидерот 540 мм","Длабочина на фрижидерот 595 мм","Гаранција 5 години","Боја Бела","Димензии на спакован апарат (ШxВxД) 578x1750x632 мм","Нето тежина 51 kg","Вкупна тежина 55 кг","","","","","","","","","","","","","","","","","","","","","","","","",""
"RIVERSOFT","Frizider kombiniran VOX KK 3300 S, Inox, A+","16499.00 ден.","https://digimak.s3.eu-west-1.amazonaws.com/riversoft/99450/1.webp","Категорија Фрижидери комбинирани со замрзнувач долу","Нето капацитет на уредот 268 л","Нето - волумен на артиклите во фрижидерот 184 л","Нето - волумен на артиклите во замрзнувачот 84 л","Капацитет на замрзнување 4 кг","Внатрешност на фрижидерот 4 стаклени плочи, 1 фиоки, 4полици со врати","Zero Clearance Да","Внатрешен замрзнувач 3 фиоки","Голема фиока за овошје и зеленчук Да","Лесно чистење на ентериерот Да","Реверзибилна врата Да","Сад за јајца Да","Сад за лед Да","Систем за одмрзнување Автоматски / Прирачник","Технологија Анти-бактериска заштита, Внатрешно лед осветлување, Тивко работење","Тип на контрола Механички","Климатска класа ST / N","Гас R600a","Класа на енергија A+","Ниво на бучава 41 dB","Висина на фрижидерот 1700 mm","Ширина на фрижидерот 540 мм","Длабочина на фрижидерот 595 мм","Гаранција 5 години","Бојата Сива","Дименѕије спкованог апарата (ШxВxД) 578x1750x632 мм","Нето тежина 55 кг","Вкупна тежина 59 кг","","","","","","","","","","","","","","","","","","",""
"RIVERSOFT","Frizider Vgraden kombiniran VOX IKG 2630F , Frizider 172L, Zamrznuvac 38L","16999.00 ден.","https://digimak.s3.eu-west-1.amazonaws.com/riversoft/74138-2/1.webp","Нето - волумен на артиклите во фрижидерот 172 л","Боја Бела","Гаранција 5 години","Класа на енергија F","Нето - волумен на артиклите во замрзнувачот 38 л","Внатрешност на фрижидерот","4 сталажи -полици, 3 полици со врати, 1 фиока","Сад за јајца Да","Сад за лед Да","Капацитет на замрзнување 2.60","Климатска класа N","Нето капацитет на уредот 210 л","Ниво на бучава 38 dB","Реверзибилна врата Да","Систем за одмрзнување Автоматски / Прирачник","Сретство за ладење R600a","Тивко работење Дa","Прекинувач за брзо замрзнување Да","Режим за брзо замрзнување Дa","Нето тежина 36.5 кг","Количински товар (40ftHC контејнер) 140","Вкупна тежина 41 кг","Димензи на апаратот (ШxВxД) 540x1445x545 мм","","","","","","","","","","","","","","","","","","","","","","","",""
"RIVERSOFT","Frizider vgraden kombiniran HOOBART RFHBHOBF178SBI,, 248L(184/64), A, 178cm","16999.00 ден.","https://digimak.s3.eu-west-1.amazonaws.com/riversoft/47012155/1.webp","Комбиниран фрижидер за вградување","Енергетска класа:А","Нето капацитет:248L","Капацитет на фрижидерот:184L","Капацитет на замрзнувачот:64L","Капацитет на замрзнување: 3.2kg/24h","Ниво на бучава:42dB","Димензии178x54x54cm","","","","","","","","","","","","","","","","","","","","","","","","","","","","","","","","","","","","","","",""
"RIVERSOFT","Frizider Vgraden kombiniran VOX IKG2630E,310L(172L/38L),E klasa","17199.00 ден.","https://digimak.s3.eu-west-1.amazonaws.com/riversoft/9999231/1.webp","ОСНОВНИ ИНФОРМАЦИИ","Нето - волумен на артиклите во фрижидерот 172 л","Бојата Бело","Гаранција 5 години","Нето - волумен на артиклите во замрзнувачот 38 l / 38 l","ТЕХНИЧКИ КАРАКТЕРИСТИКИ","Климатска класа N","Нето капацитет на уредот 210 л","Реверзибилна врата Да","Систем за ладење LessFrost","Систем за одмрзнување Автоматски / Прирачник","Сретство за ладење R600a","Тивко работење Дa","БЕЗБЕДНА УПОТРЕБА","Анти-бактериска заштита Да","ДИМЕНЗИИ И ТЕЖИНА","Дименѕије апарата (ШxВxД) 540x1445x545 мм","","","","","","","","","","","","","","","","","","","","","","","","","","","","","",""
"RIVERSOFT","Frizider vgraden VOX IKS 1600 E so mala komora E klasa","17399.00 ден.","https://digimak.s3.eu-west-1.amazonaws.com/riversoft/9999401/1.webp","ОСНОВНИ ИНФОРМАЦИИ","Бојата Бело","Гаранција 5 години","Нето - волумен на артиклите во замрзнувачот 17 l / 17 l","ТЕХНИЧКИ КАРАКТЕРИСТИКИ","Сад за јајца Да","Сад за лед Да","Капацитет на замрзнување 2.60","Годишно потрошена енергија (kWh) 149","Нето капацитет на уредот 114 л","Ниво на бучава 39 dB","Реверзибилна врата Да","Систем за ладење Static","Систем за одмрзнување Автоматски / Прирачник","Сретство за ладење R600a","Тивко работење Дa","ПРОГРАМИ И ФУНКЦИИ","Режим за брзо замрзнување Дa","БЕЗБЕДНА УПОТРЕБА","Анти-бактериска заштита Да","ДИМЕНЗИИ И ТЕЖИНА","Нето тежина 30 кг","Вкупна тежина 32.5 кг","Дименѕије апарата (ШxВxД) 595x818x548 мм","Дименѕије спкованог апарата (ШxВxД) 659x883x586 мм","","","","","","","","","","","","","","","","","","","","","",""
"RIVERSOFT","Frizider kombiniran VOX KK 3400 F, Bel, A+, 202L Frizider, 84L komora","17799.00 ден.","https://digimak.s3.eu-west-1.amazonaws.com/riversoft/107436/1.webp","Категорија Фрижидери комбинирани со замрзнувач долу","Нето капацитет на уредот 286 л","Бруто капацитет на уредот 288 l","Нето - волумен на артиклите во фрижидерот 202 л","Нето - волумен на артиклите во замрзнувачот 84 л","Капацитет на замрзнување 4 кг","Внатрешност на фрижидерот 4 стаклени плочи, 1 фиоки, 4полици со врати","Внатрешен замрзнувач 2 стаклени полици, 3 фиока","Сад за јајца Да","Сад за лед Да","Лесно чистење на ентериерот Да","Zero Clerance Да","Технологија Анти-бактериска заштита, Внатрешно лед осветлување, Голема преграда за овошје и зеленчук","Климатска класа ST / N","Систем за ладење СТАТИЧЕН","Гас R600a","Класа на енергија A+","Ниво на бучава 40 dB","Реверзибилна врата Да","Потрошена енергија (kWh/години) 264 kWh","Висина на фрижидерот 1800 mm","Ширина на фрижидерот 540 мм","Длабочина на фрижидерот 595 мм","Дименѕзии на спакован апарат (ШxВxД) 578x1852x632 мм","Нето тежина 52 кг","Вкупна тежина 56 кг","Гаранција 5 Години","","","","","","","","","","","","","","","","","","","",""
"RIVERSOFT","Frizider kombiniran DAEWOO FKL268FWT1RS White, Lil-Frost, F klasa","15499.00 ден.","https://digimak.s3.eu-west-1.amazonaws.com/riversoft/151201/1.webp","Lil-Frost,","F енергетска класа,","Нето волумен 268l (184+84l),","LED осветлување,","Диспензер за вода,","OptiCrisp Zone,","Odor Free,","Easy-to-Change Door,","Димензии (Ш*В*Д): 540*1700*595,","БЕЛО","Гаранција 2 години","","","","","","","","","","","","","","","","","","","","","","","","","","","","","","","","","","","",""
"RIVERSOFT","Frizider kombiniran DAEWOO FKL268FUT0RS Svetlo Plava, Lil-Frost, F klasa","14999.00 ден.","https://digimak.s3.eu-west-1.amazonaws.com/riversoft/151203/1.webp","Lil-Frost,","F енергетска класа,","Нето волумен 268l (184+84l),","LED осветлување,","OptiCrisp Zone,","Odor Free,","Easy-to-Change Door,","Димензии (Ш*В*Д): 540*1700*595,","Светло плава","Гаранција 2 години","","","","","","","","","","","","","","","","","","","","","","","","","","","","","","","","","","","","",""
"RIVERSOFT","Frizider kombiniran VOX KK 3600 F White, A+, 336L(230L/106L)","19499.00 ден.","https://digimak.s3.eu-west-1.amazonaws.com/riversoft/15455/1.webp","ОСНОВНИ ИНФОРМАЦИИ","Нето - волумен на артиклите во фрижидерот 234 л","Бојата Бело","Гаранција 5 години","Класа на енергија F","Нето - волумен на артиклите во замрзнувачот 107 л","Тип на контрола Механички","ТЕХНИЧКИ КАРАКТЕРИСТИКИ","Внатрешност на фрижидерот 4 стаклени плочи, 1 фиоки, 3 полици со врати","Внатрешен замрзнувач 3 фиоки","Годишно потрошена енергија (kWh) 302 kWh","Климатска класа T / SN","Нето капацитет на уредот 341 л","Ниво на бучава 39 dB","Прекинувач за брзо замрзнување Да","Реверзибилна врата Да","Систем за ладење Static - Less Frost","Систем за одмрзнување Автоматски / Прирачник","Сретство за ладење R600a","Тивко работење Дa","ПРОГРАМИ И ФУНКЦИИ","Брз режим за замрзнување Да","БЕЗБЕДНА УПОТРЕБА","Анти-бактериска заштита Да","ДИМЕНЗИИ И ТЕЖИНА","Нето тежина 64 кг","Количински товар (40ftHC контејнер) 72 ком","Вкупна тежина 70 кг","Димензии на уредот (ШxВxД) 595x1860x650 мм","Дименѕије спкованог апарата (ШxВxД) 664x1916x728 мм","","","","","","","","","","","","","","","","",""
"RIVERSOFT","Frizider kombiniran DAEWOO FKL288FWT1RS WHITE, Lil-Frost, F klasa","15999.00 ден.","https://digimak.s3.eu-west-1.amazonaws.com/riversoft/151181/1.webp","Lil-Frost,","F енергетска класа,","Нето волумен 288l (204+84l),","LED осветлување,","Диспензер за вода,","OptiCrisp Zone,","Odor Free,","Easy-to-Change Door,","Димензии (S*V*D): 540*1800*595,","Бело","Гаранција 2 години","","","","","","","","","","","","","","","","","","","","","","","","","","","","","","","","","","","",""
"RIVERSOFT","Frizider vgraden kombiniran VOX IKK 2460 E Less Frost 211L(154L/57L) E klasa","19599.00 ден.","https://digimak.s3.eu-west-1.amazonaws.com/riversoft/9999400/1.webp","ОСНОВНИ ИНФОРМАЦИИ","Нето - волумен на артиклите во фрижидерот 154 л","Бојата Бело","Гаранција 5 години","Нето - волумен на артиклите во замрзнувачот 57 л","ТЕХНИЧКИ КАРАКТЕРИСТИКИ","Капацитет на замрзнување 2.60","Климатска класа T / N","Нето капацитет на уредот 211 л","Ниво на бучава 38 dB","Систем за ладење LessFrost","Систем за одмрзнување Автоматски / Прирачник","Сретство за ладење R600a","ПРОГРАМИ И ФУНКЦИИ","Режим за брзо замрзнување Дa","ДИМЕНЗИИ И ТЕЖИНА","Нето тежина 44 кг","Вкупна тежина 47 kg","Дименѕије апарата (ШxВxД) 540x1440x545 мм","Дименѕије спкованог апарата (ШxВxД) 584x1504x577 мм","","","","","","","","","","","","","","","","","","","","","","","","","","",""
"RIVERSOFT","Frizider kombiniran DAEWOO FKL288FBT0RS BLACK, Lil-Frost, F klasa","15999.00 ден.","https://digimak.s3.eu-west-1.amazonaws.com/riversoft/151182/1.webp","Lil-Frost,","F енергетска класа,","Нето волумен 288l (204+84l),","LED осветлување,","OptiCrisp Zone,","Odor Free,","Easy-to-Change Door","Димензии (S*V*D): 540*1800*595,","ЦРНА","Гаранција 2 години","","","","","","","","","","","","","","","","","","","","","","","","","","","","","","","","","","","","",""
"RIVERSOFT","Frizider vgraden kombiniran VOX IKK 3410E,251L(181L/70L),Less Frost,E klasa","20549.00 ден.","https://digimak.s3.eu-west-1.amazonaws.com/riversoft/9998354/1.webp","Нето - волумен на артиклите во фрижидерот 181 л","Бојата Бело","Гаранција 5 години","Класа на енергија Е","Нето - волумен на артиклите во замрзнувачот 70 л","ТЕХНИЧКИ КАРАКТЕРИСТИКИ","Сад за јајца Да","Сад за лед Да","Капацитет на замрзнување 3.30","Годишно потрошена енергија (kWh) 271","Климатска класа ST / N","Нето капацитет на уредот 251 л","Ниво на бучава 38 dB","Прекинувач за брзо замрзнување Да","Реверзибилна врата Да","Систем за ладење Static - Less Frost","Систем за одмрзнување Автоматски / Прирачник","Сретство за ладење R600a","Тивко работење Дa","Фиока за контрола на влага Да","ПРОГРАМИ И ФУНКЦИИ","Режим за брзо замрзнување Дa","БЕЗБЕДНА УПОТРЕБА","Анти-бактериска заштита Да","ДИМЕНЗИИ И ТЕЖИНА","Нето тежина 48 kg","Количински товар (40ftHC контејнер) 105","Вкупна тежина 51.5 kg","Дименѕије апарата (ШxВxД) 540x1770x545 мм","Дименѕије спкованог апарата (ШxВxД) 584x1834x577 мм","","","","","","","","","","","","","","","","",""
"RIVERSOFT","Frizider kombiniran VOX KK 3600 SF Silver, F ,336L(230L/106L)","21399.00 ден.","https://digimak.s3.eu-west-1.amazonaws.com/riversoft/15454/1.webp","ОСНОВНИ ИНФОРМАЦИИ","Нето - волумен на артиклите во фрижидерот 234 л","Бојата Сиво","Гаранција 5 години","Класа на енергија F","Нето - волумен на артиклите во замрзнувачот 107 л","Тип на контрола Механички","ТЕХНИЧКИ КАРАКТЕРИСТИКИ","Внатрешност на фрижидерот 4 стаклени плочи, 1 фиоки, 3 полици со врати","Внатрешен замрзнувач 3 фиоки","Годишно потрошена енергија (kWh) 302 kWh","Климатска класа T / SN","Нето капацитет на уредот 341 л","Ниво на бучава 39 dB","Прекинувач за брзо замрзнување Да","Реверзибилна врата Да","Систем за ладење Static - Less Frost","Систем за одмрзнување Автоматски / Прирачник","Сретство за ладење R600a","Тивко работење Дa","ПРОГРАМИ И ФУНКЦИИ","Брз режим за замрзнување Да","БЕЗБЕДНА УПОТРЕБА","Анти-бактериска заштита Да","ДИМЕНЗИИ И ТЕЖИНА","Нето тежина 64 кг","Количински товар (40ftHC контејнер) 72 ком","Вкупна тежина 70 кг","Димензии на уредот (ШxВxД) 595x1860x650 мм","Дименѕије спкованог апарата (ШxВxД) 664x1916x728 мм","","","","","","","","","","","","","","","","",""
"RIVERSOFT","Frizider kombiniran DAEWOO FKL341FWT1RS WHITE, Lil-Frost, F klasa","17499.00 ден.","https://digimak.s3.eu-west-1.amazonaws.com/riversoft/151179/1.webp","Lil-Frost,","F енергетска класа,","Нето волумен 341l (234+107l),","LED осветлување,","Диспензер за вода,","OptiCrisp Zone,","Odor Free,","Easy-to-Change Door,","Димензии (S*V*D): 595*1860*650,","БЕЛО","Гаранција 2 години","","","","","","","","","","","","","","","","","","","","","","","","","","","","","","","","","","","",""
"RIVERSOFT","Frizider Beko RCSA 330 K 20 PT","19999.00 ден.","https://digimak.s3.eu-west-1.amazonaws.com/riversoft/92833/1.webp","• No Frost","• Енергетска класа:A+","• Нето капацитет:287L","• Капацитет на фрижидерот:197L","• Капацитет на замрзнувачот:90L","• Капацитет на замрзнување:4kg/24h","• Потрошувачка на енергија годишно:318kWh","• Ниво на бучава:43dB","• Димензии:185x60x60cm","","","","","","","","","","","","","","","","","","","","","","","","","","","","","","","","","","","","","",""
"RIVERSOFT","Frizider vgraden BEKO BCSA285K3SN, 271L(193/78), F, 177.5cm","21999.00 ден.","https://digimak.s3.eu-west-1.amazonaws.com/riversoft/110856/1.webp","Комбиниран фрижидер за вградување","MinFrost®t","Led Illumination®","Реверзибилна врата","Кристални полици со висока отпорност","Енергетска класа:F","Нето капацитет:271L","Простор за ладилник:193L","Волумен на одделот за замрзнувач:78L","Kапацитет на замрзнувањ:3.6/24kg","Потрошувачка на енергија годишно:281kWh","Дневна потрошувачка на енергија:0.8kWh","Ниво на бучава:37dB","Димензии:177.5x54x54.5cm","","","","","","","","","","","","","","","","","","","","","","","","","","","","","","","","",""
"RIVERSOFT","Frizider GORENJE RK 6191 ES4 A+ Avtomatsko odrzuvanje","22490.00 ден.","https://digimak.s3.eu-west-1.amazonaws.com/riversoft/107428/1.webp","Енергетска класа: A+","Димензии (ШxВxД): 60 ? 185 ? 59,2 cm","Врата: Метална врата","Боја: Сива металик","Отвoрање на врата: Лево/десно отворање на врата","Прилагодливи ногарки: 2","Slot-in: Можност за поставување на апаратот во кујнски отвор широк 60 cm","Климатска класа: SN, N, ST","1 компресор","Вкупен бруто/нето капацитет: 320 / 314 l","Волумен на разладниот дел: бруто/нето: 208 / 206 l","Волумен на замрзнувачкиот дел: бруто/нето: 112 / 108 l","Капацитет на замрзнување: 5 kg/24h","Издржливост при прекин на електрична енергија: 17 h","Механичко управување","CrispZone фиока за зеленчук","FrostLess: Помало собирање на мраз во замрзнувачот","ЛЕД осветлување","4 стаклени полици","Полица за шишиња на вратата: Сад за шишиња без држач","Полици на вратата на ладилникот: 2 полици на вратата","Флексибилен сад за јајца (8?)","SpaceBox - голема фиока за замрзнување (38 л)","Простор за замрзнување: 3 фиоки","1 стаклена полица","1 класичен сад за лед","Потрошувачка на енергија kWh/24h: 0,78 kWh","Бучност: 38 dB(A)re1pW","Димензии (ШxВxД): 60 ? 185 ? 59,2 cm","Димензии на амбалажата (ШxВxД): 64 ? 191 ? 70 cm","Нето тежина на апаратот: 56 kg","Бруто тежина на апаратот: 58 kg","Приклучна моќ: 90 W","Осигурувач: 10 A","Код: 735826","EAN Код: 3838782408335","","","","","","","","","","",""
"RIVERSOFT","Frizider vgraden kombiniran GORENJE RKI517EP1,A+","22490.00 ден.","https://digimak.s3.eu-west-1.amazonaws.com/riversoft/9999836/1.webp","Основни информации","Тип на апарат Комбиниран фрижидер","Начин на поставување Вграден","Енергетска класа E","Боја на апаратот Бела","Врата Метална врата","Отворање на врата Лево/десно отворање на врата","Шарка на вратата Со лизгач","Број на врати 2","Климатска класа","Нормална","Суптропска","Ефикасност","Капацитет на замрзнување (24h) 3.2 kg","Издржливост при прекин на електрична енергија 10 h","Управување","Wi-Fi управување Не","Начин на управување Електронско управување","Индикатор за отворена врата Аларм за отворена врата","Одмрзнување Автоматски","Одмрзнување на змрзнувачот Рачно нагодување","Опрема во фрижидерскиот дел","Полици на вратата на ладилникот 2 полици на вратата","Осветлување на фрижидерот Внатрешно ЛЕД осветлување","Број на стаклени полици 3","Број на стаклени полици 4","Опрема во замрзнувачкиот дел","Сад за коцки мраз Не","Осветлување на просторот за замрзнување Без осветлување","Технички податоци","Бучност 39 dB(A)","Број на компресори 1 компресор","Разладувачка течност R600A","Тип на монтажа Дозволено","Број на независни системи за ладење 1","Ширина 540 mm","Висина 1780 mm","Длабочина 540 mm","Бруто тежина на апаратот 58 kg","Нето тежина на апаратот 53 kg","Ширина на спакуван производ 575 mm","Висина на спакуван производ 1845 mm","Длабочина на спакуван производ 560 mm","Приклучна моќ 220-240 V","Фреквенција 50 Hz","Код 744577","EAN Код 3838782878572"
"RIVERSOFT","Frizider kombiniran DAEWOO FKL341FCT0RS BORDO, Lil-Frost, F klasa","17999.00 ден.","https://digimak.s3.eu-west-1.amazonaws.com/riversoft/151180/1.webp","Lil-Frost,","F енергетска класа,","Нето волумен 341l (234+107l),","LED осветлување,","OptiCrisp Zone,","Odor Free,","Easy-to-Change Door,","Димензии (S*V*D): 595*1860*650,","BORDO","Гаранција 2 години","","","","","","","","","","","","","","","","","","","","","","","","","","","","","","","","","","","","",""
"RIVERSOFT","Frizider kombiniran VOX NF 3730 W Bel, No Frost, A+ , 230L Frizider, 94L Komora","22999.00 ден.","https://digimak.s3.eu-west-1.amazonaws.com/riversoft/99717/1.webp","Категорија Фрижидери комбинирани со замрзнувач долу","Нето капацитет на уредот 331 л","Нето - волумен на артиклите во фрижидерот 230 л","Нето - волумен на артиклите во замрзнувачот 101 л","Внатрешност на фрижидерот 4 стаклени плочи, 1 фиоки, 3 полици со врати","Внатрешен замрзнувач 2 сталажи, 3 фиоки","Технологија Multi cooling систем, Анти-бактериска заштита, Брз режим на ладење, Внатрешно лед осветлување, Голема преграда за овошје и зеленчук, Режим за заштеда на енергија","Бојата Бело","Капацитет на замрзнување 8 кг","Систем за ладење No Frost","Тип на контрола Електронски","Систем за одмрзнување Автоматски","Климатска класа T / SN","Гас R600a","Класа на енергија F","Лесно чистење на ентериерот Да","Реверзибилна врата Да","Сад за лед Да","Сад за јајца Да","Zero Clearance Да","Ниво на бучава 41 dB","Потрошена енергија (kWh/години) 313 kWh","Висина на фрижидерот 1860 мм","Ширина на фрижидерот 595 мм","Длабочина на фрижидерот 650 мм","Димензии на спакован апарат (ШxВxД) 664x1916x728 мм","Нето тежина 67 кг","Вкупна тежина 73 кг","Гаранција 5 години","","","","","","","","","","","","","","","","","",""
"RIVERSOFT","Frizider vgraden VOX IKS 2790 E 294L 39db E klasa","21499.00 ден.","https://digimak.s3.eu-west-1.amazonaws.com/riversoft/9999402/1.webp","ОСНОВНИ ИНФОРМАЦИИ","Нето - волумен на артиклите во фрижидерот 294 л","Бојата Бело","Вид на контрола Електронски","Гаранција 5 години","ТЕХНИЧКИ КАРАКТЕРИСТИКИ","Годишно потрошена енергија (kWh) 112 kWh","Климатска класа ST/SN","Нето капацитет на уредот 294 л","Ниво на бучава 39 dB","Реверзибилна врата Да","Систем за ладење Static","Систем за одмрзнување Автоматски","Сретство за ладење R600a","ДИМЕНЗИИ И ТЕЖИНА","Нето тежина 43.5 кг","Вкупна тежина 53 кг","Дименѕије апарата (ШxВxД) 540x1770x545 мм","","","","","","","","","","","","","","","","","","","","","","","","","","","","",""
"RIVERSOFT","Frizider BEKO BCHA 275 K2 S, kombiniran , Semi NO Frost, A+, 262l, Vgraden","23999.00 ден.","https://digimak.s3.eu-west-1.amazonaws.com/riversoft/99166/1.webp","Комбиниран фрижидер за вградување","Semi No-frost","Led Illumination®","Реверзибилна врата","Кристални полици со висока отпорност","Енергетска класа:F","Нето капацитет:262L","Простор за ладилник:193L","Волумен на одделот за замрзнувач:69L","Kапацитет на замрзнувањ:3.2/24kg","Потрошувачка на енергија годишно:280kWh","Дневна потрошувачка на енергија:0.8kWh","Ниво на бучава:38dB","Димензии:177.5x54x54.5cm","","","","","","","","","","","","","","","","","","","","","","","","","","","","","","","","",""
"RIVERSOFT","Frizider vgraden kombiniran BEKO BCSA 285 K4SN , 271L, E, 178cm","23999.00 ден.","https://digimak.s3.eu-west-1.amazonaws.com/riversoft/9997684/1.webp","Комбиниран фрижидер за вградување","Нето капацитет: 271","Волумен на фрижидерот: 193 lit.","Волумен на замрзнувачот: 78 lit.","Енергетска класа: Е","Годишна потрошувачка на енергија (kWh): 225","Ниво на бучава: 35 dB","Капацитет на замрзнување: 4kg / 24h","Внатрешно LED осветлување","Лизгачки шарки","стаклени полици","Реверзибилна врата","Димензии: 177,5 x 54 x 54,5 cm","","","","","","","","","","","","","","","","","","","","","","","","","","","","","","","","","",""
"RIVERSOFT","Frizider vgraden GORENJE RKI 4182 E1","24990.00 ден.","https://digimak.s3.eu-west-1.amazonaws.com/riversoft/109249/1.webp","Енергетска класа: A++","Димензии (ШxВxД): 54 ? 177,2 ? 54,5 cm","Врата: Метална врата","Боја: Бела боја","Отвoрање на врата: Лево/десно отворање на врата","Шарка на вратата: Со лизгач","Климатска класа: SN, N, ST","1 компресор","Вкупен бруто/нето капацитет: 263 / 260 l","Волумен на разладниот дел: бруто/нето: 190 / 189 l","Волумен на замрзнувачкиот дел: бруто/нето: 73 / 71 l","Капацитет на замрзнување: 3,5 kg/24h","Издржливост при прекин на електрична енергија: 18 h","Електронско управување","CrispZone фиока со контрола на влажноста: голема фиока за зеленчук со регулација на влажноста","FrostLess: Помало собирање на мраз во замрзнувачот","Фукнција за брзо замрзнување (FastFreeze)","Штедлива програма (EcoMode)","Сад за јајца/лед: 1 x 7","ЛЕД осветлување на кровот","5 стаклени полици","Полици прилагодливи по висина","Држач за шишиња","Полица за шишиња на вратата: Сад за шишиња со држач","Полици на вратата на ладилникот: 2 полици на вратата","Дополнителен скриен простор (HiddenSpace)","SpaceBox - голема фиока за замрзнување (38 л)","Простор за замрзнување: 3 фиоки","2 стаклени полици","Потрошувачка на енергија kWh/24h: 0,59 kWh","Бучност: 38 dB(A)re1pW","Димензии (ШxВxД): 54 ? 177,2 ? 54,5 cm","Димензии на амбалажата (ШxВxД): 58,5 ? 183,5 ? 65 cm","Димензии на вградниот простор (ШхВхД) (мин-макс): 56-57 ? 177,5-178 ? 56 cm","Нето тежина на апаратот: 56 kg","Бруто тежина на апаратот: 58,5 kg","Приклучна моќ: 100 W","Осигурувач: 10 A","Код: 732548","EAN Код: 3838782168154","","","","","","",""
"RIVERSOFT","Frizider kombiniran GORENJE NRK 6191 EW4 NO FROST A+","25990.00 ден.","https://digimak.s3.eu-west-1.amazonaws.com/riversoft/107427/1.webp","Енергетска класа: A+","Димензии (ШxВxД): 60 ? 185 ? 59,2 cm","Врата: Метална врата","Боја: Бела","Отвoрање на врата: Лево/десно отворање на врата","Прилагодливи ногарки: 2","Slot-in: Можност за поставување на апаратот во кујнски отвор широк 60 cm","Климатска класа: SN, N, ST, T","1 компресор","Вкупен бруто/нето капацитет: 320 / 302 l","Волумен на разладниот дел: бруто/нето: 210 / 203 l","Волумен на замрзнувачкиот дел: бруто/нето: 110 / 99 l","Капацитет на замрзнување: 12 kg/24h","Издржливост при прекин на електрична енергија: 17 h","Тип на дисплеј: ЛЕД дисплеј","Аларм за отворена врата","Индикатор за температура: Дигитален индикатор за регулирање на температурата на ладилникот","Звучен и светлосен сигнал при превисока температура во разладниот дел: бел сигнал","NoFrost Plus","IonAir со Multiflow 360° функција","CrispZone фиока за зеленчук","Интелигентен систем на помнење (AdaptTech ладење)","Фукнција за брзо замрзнување (FastFreeze)","Штедлива програма (EcoMode)","ЛЕД осветлување на кровот","4 стаклени полици","Полица за шишиња на вратата: Сад за шишиња без држач","Полици на вратата на ладилникот: 2 SimpleSlide полици прилагодливи по висина, 1 горна полица прилагодлива по висина","Флексибилен сад за јајца (8?)","SpaceBox - голема фиока за замрзнување (38 л)","Простор за замрзнување: 3 фиоки","1 класичен сад за лед","Потрошувачка на енергија kWh/24h: 0,84 kWh","Бучност: 38 dB(A)re1pW","Димензии (ШxВxД): 60 ? 185 ? 59,2 cm","Димензии на амбалажата (ШxВxД): 64 ? 191 ? 70 cm","Нето тежина на апаратот: 57 kg","Бруто тежина на апаратот: 59 kg","Приклучна моќ: 90 W","Осигурувач: 10 A","Код: 735821","EAN Код: 3838782407635","","","","",""
"RIVERSOFT","Frizider kombiniran BEKO RCSA366K40DSN, 343L(223/120), E, 185.2 cm kombiniran","23995.00 ден.","https://digimak.s3.eu-west-1.amazonaws.com/riversoft/116033/1.webp","Комбиниран фрижидер","LED осветлување","MinFrost®","SlimTank - диспанзер за вода","Енергетска класа:Е","Нето капацитет:343L","Капацитет на фрижидерот:223L","Капацитет на замрзнувачот:120L","Капацитет на замрзнување:5.5kg/24h","Автономија:18h","Потрошувачка на енергија дневно:0.7kWh","Потрошувачка на енергија годишно:243kWh","Ниво на бучава:38dB","Димензии:185.2x59.5x67cm","","","","","","","","","","","","","","","","","","","","","","","","","","","","","","","","",""
"TEHNO MARKET","VIVAX MF-45 МИНИ БАР","8799.00 ден","https://d3mrte3vpewnxc.cloudfront.net/img/products/full/thumbs/vivaxmf-45.jpg","МИНИ БАР","КАПАЦИТЕТ НА ЛАДИЛНИКОТ 39л","КАПАЦИТЕТ НА ЗАМРЗНУВАЧОТ 4Л","ДИМЕНЗИИ В/Ш/Д 47,2/49,2/45","","","","","","","","","","","","","","","","","","","","","","","","","","","","","","","","","","","","","","","","","","",""
"TEHNO MARKET","FAVORIT R1001E","8999.00 ден","https://d3mrte3vpewnxc.cloudfront.net/img/products/full/thumbs/04-7.jpg","ФРИЖИДЕР","КАПАЦИТЕТ 88 L.","ЕНЕРГЕТСКА КЛАСА E","НИВО НА БУЧАВОСТ 43 DB.","ДИМЕНЗИИ (В/Ш/Д) 83X49X52 CM.","","","","","","","","","","","","","","","","","","","","","","","","","","","","","","","","","","","","","","","","","",""
"TEHNO MARKET","FAVORIT RF-263E","11999.00 ден","https://d3mrte3vpewnxc.cloudfront.net/img/products/full/thumbs/1489764769n_1.jpg","ЛАДИЛНИК СО ГОРНА КОМОРА","КАПАЦИТЕТ НА ЛАДИЛНИКОТ: 171 Л.","КАПАЦИТЕТ НА КОМОРАТА: 42Л","ЕНЕРГЕТСКА КЛАСА E","АВТОМАТСКО ОДМРЗНУВАЊЕ","ДИМЕНЗИИ (В/Ш/Д) 144/54/60","","","","","","","","","","","","","","","","","","","","","","","","","","","","","","","","","","","","","","","","",""
"TEHNO MARKET","FAVORIT RF-263E S","11994.00 ден","https://d3mrte3vpewnxc.cloudfront.net/img/products/full/thumbs/25012024152014rf263ns.jpg","ЛАДИЛНИК СО ГОРНА КОМОРА","КАПАЦИТЕТ НА ЛАДИЛНИКОТ: 171 Л.","КАПАЦИТЕТ НА КОМОРАТА: 42Л","ЕНЕРГЕТСКА КЛАСА E","АВТОМАТСКО ОДМРЗНУВАЊЕ","ДИМЕНЗИИ (В/Ш/Д) 144/54/60","","","","","","","","","","","","","","","","","","","","","","","","","","","","","","","","","","","","","","","","",""
"TEHNO MARKET","GORENJE RF-4142PW4","13992.00 ден","https://d3mrte3vpewnxc.cloudfront.net/img/products/full/thumbs/310520241627417df79ff6a5fc6-mabagor-300wx300h.jpg","ЛАДИЛНИК СО ГОРЕ КОМОРА","КАПАЦИТЕТ НА ЛАДИЛНИКОТ 166 л","КАПАЦИТЕТ НА ЗАМРЗНУВАЧОТ 41 л","ЕНЕРГЕТСКА КЛАСА А++","ЛЕД ОСВЕТЛУВАЊЕ","ОТВАРАЊЕ НА ВРАТА ЛЕВО/ДЕСНО","ДИМЕНЗИИ В/Ш/Д 144/55/55","","","","","","","","","","","","","","","","","","","","","","","","","","","","","","","","","","","","","","","",""
"TEHNO MARKET","VIVAX DD-207E S","11991.00 ден","https://d3mrte3vpewnxc.cloudfront.net/img/products/full/thumbs/dd-207es.jpg","ЛАДИЛНИК СО ГОРЕ КОМОРА","КАПАЦИТЕТ НА ЛАДИЛНИКОТ 163л","КАПАЦИТЕТ НА ЗАМРЗНУВАЧОТ 41л","СТАКЛЕНИ ПОЛИЦИ","ЕНЕРГЕТСКА КЛАСА Е","ДИМЕНЗИИ В/Ш/Д 143/55/55","","","","","","","","","","","","","","","","","","","","","","","","","","","","","","","","","","","","","","","","",""
"TEHNO MARKET","GORENJE RF-414EPS4","14992.00 ден","https://d3mrte3vpewnxc.cloudfront.net/img/products/full/thumbs/130520241447467f26ddf8e02b4-mabagor-300wx300h.jpg","ЛАДИЛНИК СО ГОРЕ КОМОРА","КАПАЦИТЕТ НА ЛАДИЛНИКОТ 166 л","КАПАЦИТЕТ НА ЗАМРЗНУВАЧОТ 41 л","ЕНЕРГЕТСКА КЛАСА А++","ЛЕД ОСВЕТЛУВАЊЕ","ОТВАРАЊЕ НА ВРАТА ЛЕВО/ДЕСНО","ДИМЕНЗИИ В/Ш/Д 144/55/55","","","","","","","","","","","","","","","","","","","","","","","","","","","","","","","","","","","","","","","",""
"TEHNO MARKET","FAVORIT RF263EB","14999.00 ден","https://d3mrte3vpewnxc.cloudfront.net/img/products/full/thumbs/rf263eb.jpg","","","","","","","","","","","","","","","","","","","","","","","","","","","","","","","","","","","","","","","","","","","","","","",""
"TEHNO MARKET","FAVORIT CF-278E","15992.00 ден","https://d3mrte3vpewnxc.cloudfront.net/img/products/full/thumbs/favoritcf278-zatvoren.jpg","КОМБИНИРАН ЛАДИЛНИК","КАПАЦИТЕТ НА ЛАДИЛНИКОТ 184л","КАПАЦИТЕТ НА ЗАМРЗНУВАЧ 84л","ЕНЕРГЕТСКА КЛАСА: E","БОЈА: БЕЛА.","ПРИЛАГОДУВАЧКИ ПОЛИЦИ НА ВРАТА.","ПРИЛАГОДУВАЧКИ СТАКЛЕНИ ПОЛИЦИ.","КОМОРА ЗА ЗАМРЗНУВАЊЕ СО ТРАНСПАРЕНТНИ ФИОКИ.","ДИМЕНЗИИ В/Ш/Д: 170/54/61","","","","","","","","","","","","","","","","","","","","","","","","","","","","","","","","","","","","","",""
"TEHNO MARKET","GORENJE RK4182PW4","17992.00 ден","https://d3mrte3vpewnxc.cloudfront.net/img/products/full/thumbs/rk4182pw4.jpg","КОМБИНИРАН ЛАДИЛНИК","КАПАЦИТЕТ НА ЛАДИЛНИКОТ 198л","КАПАЦИТЕТ НА ЗАМРЗНУВАЧОТ 66л","ЛЕД ОСВЕТЛУВАЊЕ","СТАКЛЕНИ ПОЛИЦИ","ЕНЕРГЕТСКА КЛАСА А++","ДИМЕНЗИИ В/Ш/Д 180/55/56","","","","","","","","","","","","","","","","","","","","","","","","","","","","","","","","","","","","","","","",""
"TEHNO MARKET","LIEBHERR T-1400 ЛАДИЛНИК","16992.00 ден","https://d3mrte3vpewnxc.cloudfront.net/img/products/full/thumbs/t1400.jpg","ЛАДИЛНИК","КАПАЦИТЕТ 136 Л","ЕНЕРГЕТСКА КЛАСА А +","ПОТРОШУВАЧКА НА ЕНЕРГИЈА ВО 24 ЧАСА 0.321 KWH / 24H","ПОТРОШУВАЧКА НА ЕНЕРГИЈА ГОДИШНО 118 KWH / A","КЛИМАТСКА КЛАСА SN-ST","НИВО НА БУЧАВОСТ 37 DB","АВТОМАТСКО ОДМРЗНУВАЊЕ","LED ОСВЕТЛУВАЊЕ","4 СТАКЛЕНИ ПОЛИЦИ","РЕШЕТКА ЗА ШИШИЊА","ПОЛИЦА ЗА ЈАЈЦА ✔","ФИОКА ЗА ЗЕЛЕНЧУК 1","SWING DESIGN НА ВРАТАТА","БОЈА БЕЛА","ДИМЕНЗИИ НА ПРОИЗВОДОТ (H / W / D) 85 / 50.1 / 62.0 CM","","","","","","","","","","","","","","","","","","","","","","","","","","","","","","",""
"TEHNO MARKET","FAVORIT CF-278ES","16992.00 ден","https://d3mrte3vpewnxc.cloudfront.net/img/products/full/thumbs/favoritcf278s-zatvoren.jpg","КОМБИНИРАН ЛАДИЛНИК","КАПАЦИТЕТ НА ЛАДИЛНИКОТ 184л","КАПАЦИТЕТ НА ЗАМРЗНУВАЧ 84л","ЕНЕРГЕТСКА КЛАСА: F","БОЈА: СИВА","ПРИЛАГОДУВАЧКИ ПОЛИЦИ НА ВРАТА.","ПРИЛАГОДУВАЧКИ СТАКЛЕНИ ПОЛИЦИ.","КОМОРА ЗА ЗАМРЗНУВАЊЕ СО ТРАНСПАРЕНТНИ ФИОКИ.","ДИМЕНЗИИ В/Ш/Д: 170/54/61","","","","","","","","","","","","","","","","","","","","","","","","","","","","","","","","","","","","","",""
"TEHNO MARKET","GORENJE RK-4182PS4","18992.00 ден","https://d3mrte3vpewnxc.cloudfront.net/img/products/full/thumbs/27062024122602f9118c09749a5-mabagor-300wx300h.jpg","КОМБИНИРАН ЛАДИЛНИК","КАПАЦИТЕТ НА ЛАДИЛНИКОТ 198л","КАПАЦИТЕТ НА ЗАМРЗНУВАЧОТ 71л","FrostLess","ЛЕД ОСВЕТЛУВАЊЕ","Crisp ФИОКА ЗА ОВОШЈЕ И ЗЕЛЕНЧУК","ЕНЕРГЕТСКА КЛАСА Е","ДИМЕНЗИИ В/Ш/Д 180/55/56","","","","","","","","","","","","","","","","","","","","","","","","","","","","","","","","","","","","","","",""
"TEHNO MARKET","LIEBHERR RE1201","18999.00 ден","https://d3mrte3vpewnxc.cloudfront.net/img/products/full/thumbs/re1201.jpg","ЛАДИЛНИК","КАПАЦИТЕТ НА ЛАДИЛНИКОТ 85л","КАПАЦИТЕТ НА ЗАМРЗНУВАЧОТ 13л","ЕНЕРГЕТСКА КЛАСА E","АВТОМАТСКО ОДМРЗНУВАЊЕ","LED ОСВЕТЛУВАЊЕ","4 СТАКЛЕНИ ПОЛИЦИ","РЕШЕТКА ЗА ШИШИЊА","ПОЛИЦА ЗА ЈАЈЦА","БОЈА БЕЛА","ДИМЕНЗИИ В/Ш/Д 85/50/60","","","","","","","","","","","","","","","","","","","","","","","","","","","","","","","","","","","",""
"TEHNO MARKET","LIEBHERR Rsve1201","19999.00 ден","https://d3mrte3vpewnxc.cloudfront.net/img/products/full/thumbs/liebherrrsve1201.jpg","ЛАДИЛНИК","КАПАЦИТЕТ НА ЛАДИЛНИКОТ 85л","КАПАЦИТЕТ НА ЗАМРЗНУВАЧОТ 13л","ЕНЕРГЕТСКА КЛАСА E","АВТОМАТСКО ОДМРЗНУВАЊЕ","LED ОСВЕТЛУВАЊЕ","4 СТАКЛЕНИ ПОЛИЦИ","РЕШЕТКА ЗА ШИШИЊА","ПОЛИЦА ЗА ЈАЈЦА ✔","БОЈА БЕЛА","ДИМЕНЗИИ В/Ш/Д 85/50/60","","","","","","","","","","","","","","","","","","","","","","","","","","","","","","","","","","","",""
"TEHNO MARKET","LIEBHERR TP-1414","18959.00 ден","https://d3mrte3vpewnxc.cloudfront.net/img/products/full/thumbs/liebherrtp-1414.jpg","","","","","","","","","","","","","","","","","","","","","","","","","","","","","","","","","","","","","","","","","","","","","","",""
"TEHNO MARKET","FAVORIT CF-374E","19992.00 ден","https://d3mrte3vpewnxc.cloudfront.net/img/products/full/thumbs/favoritcf374-zatvoren.jpg","КОМБИНИРАН ЛАДИЛНИК","КАПАЦИТЕТ НА ЛАДИЛНИКОТ 230л","КАПАЦИТЕТ НА ЗАМРЗНУВАЧ 106л","ЕНЕРГЕТСКА КЛАСА: E","ФИКСНИ РАЧКИ ЗА ВРАТА","ДРЖАЧ ЗА ЈАЈЦА","ПРИЛАГОДУВАЧКИ ПОЛИЦИ НА ВРАТА","ПРИЛАГОДУВАЧКИ СТАКЛЕНИ ПОЛИЦИ","ДИМЕНЗИИ В/Ш/Д: 186/59,5/65 CM","","","","","","","","","","","","","","","","","","","","","","","","","","","","","","","","","","","","","",""
"TEHNO MARKET","FAVORIT CF 278E B","16994.00 ден","https://d3mrte3vpewnxc.cloudfront.net/img/products/full/thumbs/cf278eb.jpg","КОМБИНИРАН ЛАДИЛНИК","КАПАЦИТЕТ НА ЛАДИЛНИКОТ 184л","КАПАЦИТЕТ НА ЗАМРЗНУВАЧ 84л","ЕНЕРГЕТСКА КЛАСА: E","БОЈА: ЦРНА","ПРИЛАГОДУВАЧКИ ПОЛИЦИ НА ВРАТА.","ПРИЛАГОДУВАЧКИ СТАКЛЕНИ ПОЛИЦИ.","КОМОРА ЗА ЗАМРЗНУВАЊЕ СО ТРАНСПАРЕНТНИ ФИОКИ.","ДИМЕНЗИИ В/Ш/Д: 170/54/61","","","","","","","","","","","","","","","","","","","","","","","","","","","","","","","","","","","","","",""
"TEHNO MARKET","LIEBHERR TB-1400 ЛАДИЛНИК","17992.00 ден","https://d3mrte3vpewnxc.cloudfront.net/img/products/full/thumbs/tb1400.jpg","ЛАДИЛНИК","КЛАСА НА ЕНЕРГЕТСКА ЕФИКАСНОСТ A+","ГОДИШНА ПОТРОШУВАЧКА НА ЕНЕРГИЈА 118 KWH/A","КЛИМАТСКА КЛАСА SN-ST","НИВО НА БУЧНОСТ 37 DB","КАПАЦИТЕТ НА ЛАДИЛНИКОТ 136 L","МЕХАНИЧКО УПРАВУВАЊЕ","ПРОЦЕС НА ОДМРЗНУВАЊЕ АВТОМАТСКИ","LED-ОСВЕТЛУВАЊЕ","4 ПОЛИЦИ ВО ДЕЛОТ ЗА ЛАДЕЊЕ","ПРИЛАГОДИВИ ПО ВИСИНА 3","МАТЕРИЈАЛ НА ПОЛИЦИТЕ СТАКЛО","БРОЈ НА ПОЛИЦИ ЗА ШИШИЊА 1","БРОЈ НА ПОЛИЦИ ЗА КОНЗЕРВИ 2","САД ЗА ЈАЈЦА","БРОЈ НА САДОВИ ЗА ОВОШЈЕ/ЗЕЛЕНЧУК 1","БОЈА НА КУЌИШТЕ ЦРНА","МАТЕРИЈАЛ НА ВРАТАТА ЧЕЛИК","ВДЛАБНАТА РАЧКА","НАДВОРЕШНИ ДИМЕНЗИИ (В/Ш/Д) 85 / 50,1 / 62,0 CM","ТЕЖИНА (БЕЗ ПАКУВАЊЕ) 30,8 KG","","","","","","","","","","","","","","","","","","","","","","","","","",""
"TEHNO MARKET","VIVAX CW-094S30 GB","15991.00 ден","https://d3mrte3vpewnxc.cloudfront.net/img/products/full/thumbs/cw094s30gb.jpg","VIVAX ладилник за вино","NO FROST","Капацитет 64 литри","30 класични шишиња","Дигитална контрола на температура од 5 до 20 степени","LED осветлување","3 полици на извлекување за полесно ракување","Ниско ниво на бучава 38Db","Темно стакло на врата и UV светло што придонесува за подобро чување на виното.","Димензии ш/в/д 84/55/48","","","","","","","","","","","","","","","","","","","","","","","","","","","","","","","","","","","","",""
"TEHNO MARKET","FAVORIT CF-374E I","21992.00 ден","https://d3mrte3vpewnxc.cloudfront.net/img/products/full/thumbs/favorit-cf-374-i-01-scaled.jpg","КОМБИНИРАН ЛАДИЛНИК","КАПАЦИТЕТ НА ЛАДИЛНИКОТ 230л","КАПАЦИТЕТ НА ЗАМРЗНУВАЧ 106л","ЕНЕРГЕТСКА КЛАСА: F","ФИКСНИ РАЧКИ ЗА ВРАТА","ДРЖАЧ ЗА ЈАЈЦА","ПРИЛАГОДУВАЧКИ ПОЛИЦИ НА ВРАТА","ПРИЛАГОДУВАЧКИ СТАКЛЕНИ ПОЛИЦИ","ДИМЕНЗИИ В/Ш/Д: 186/59,5/65 CM","","","","","","","","","","","","","","","","","","","","","","","","","","","","","","","","","","","","","",""
"TEHNO MARKET","LIEBHERR CTPE231","21999.00 ден","https://d3mrte3vpewnxc.cloudfront.net/img/products/full/thumbs/15.jpg","ЛАДИЛНИК СО ГОРЕ КОМОРА","КАПАЦИТЕТ НА ЛАДИЛНИКОТ 189 л","КАПАЦИТЕТ НА ЗАМРЗНУВАЧОТ 44 л","КЛАСА НА ЕНЕРГЕТСКА ЕФИКАСНОСТ E","АВТОМАТСКО ОДМРЗНУВАЊЕ","LED-ОСВЕТЛУВАЊЕ","ДИМЕНЗИИ (В/Ш/Д) 140/ 55/ 63 см","","","","","","","","","","","","","","","","","","","","","","","","","","","","","","","","","","","","","","","",""
"TEHNO MARKET","FAVORIT NF379E","23999.00 ден","https://d3mrte3vpewnxc.cloudfront.net/img/products/full/thumbs/26012024111304nf379n.jpg","КОМБИНИРАН ЛАДИЛНИК","NO FROST СИСТЕМ","КАПАЦИТЕТ НА ЛАДИЛНИКОТ 230л","КАПАЦИТЕТ НА ЗАМРЗНУВАЧОТ 94л","ЕНЕРГЕТСКА КЛАСА: E","ЕДЕН КОМПРЕСОР","САД ЗА ЈАЈЦА","ПРИЛАГОДЛИВИ ПОЛИЦИ НА ВРАТИТЕ","ПРИЛАГОДЛИВИ СТАКЛЕНИ ПОЛИЦИ","ДИМЕНЗИИ В / Ш / Д: 185/60/62 СМ","","","","","","","","","","","","","","","","","","","","","","","","","","","","","","","","","","","","",""
"TEHNO MARKET","FAVORIT CF 374E B","22992.00 ден","https://d3mrte3vpewnxc.cloudfront.net/img/products/full/thumbs/cf374eb.jpg","","","","","","","","","","","","","","","","","","","","","","","","","","","","","","","","","","","","","","","","","","","","","","",""
"TEHNO MARKET","FAVORIT NF-379E I","24999.00 ден","https://d3mrte3vpewnxc.cloudfront.net/img/products/full/thumbs/favorit-nf-373-i-01-800x450.jpg","КОМБИНИРАН ЛАДИЛНИК","NO FROST СИСТЕМ","КАПАЦИТЕТ НА ЛАДИЛНИКОТ 230л","КАПАЦИТЕТ НА ЗАМРЗНУВАЧОТ 94л","ЕНЕРГЕТСКА КЛАСА: E","ПРИЛАГОДЛИВИ ПОЛИЦИ НА ВРАТИТЕ","ПРИЛАГОДЛИВИ СТАКЛЕНИ ПОЛИЦИ","ДИМЕНЗИИ В / Ш / Д: 185/60/62 СМ","","","","","","","","","","","","","","","","","","","","","","","","","","","","","","","","","","","","","","",""
"TEHNO MARKET","LIEBHERR CTPE251","23999.00 ден","https://d3mrte3vpewnxc.cloudfront.net/img/products/full/thumbs/liebherrctp-251.jpg","КОМБИНИРАН ЛАДИЛНИК","ВКУПЕН НЕТО КАПАЦИТЕТ 270 l","КАПАЦИТЕТ НА ЛАДИЛНИКОТ 218 l","КАПАЦИТЕТ НА ЗАМРЗНУВАЧОТ 52 l","EНЕРГЕТСКА КЛАСА E","ПРОЦЕС НА ОДМРЗНУВАЊЕ АВТОМАТСКИ","LED-ОСВЕТЛУВАЊЕ","ДИМЕНЗИИ (В/Ш/Д) 157,1 / 55,0 / 63,0 cm","","","","","","","","","","","","","","","","","","","","","","","","","","","","","","","","","","","","","","",""
"TEHNO MARKET","LIEBHERR CTPELE231","24999.00 ден","https://d3mrte3vpewnxc.cloudfront.net/img/products/full/thumbs/liebherrctpel-231.jpg","ЛАДИЛНИК СО ГОРЕ КОМОРА","КАПАЦИТЕТ НА ЛАДИЛНИКОТ 189 л","КАПАЦИТЕТ НА ЗАМРЗНУВАЧОТ 44 л","КЛАСА НА ЕНЕРГЕТСКА ЕФИКАСНОСТ E","АВТОМАТСКО ОДМРЗНУВАЊЕ","LED-ОСВЕТЛУВАЊЕ","ДИМЕНЗИИ (В/Ш/Д) 140/ 55/ 63 см","","","","","","","","","","","","","","","","","","","","","","","","","","","","","","","","","","","","","","","",""
"TEHNO MARKET","LIEBHERR KPe290","24999.00 ден","https://d3mrte3vpewnxc.cloudfront.net/img/products/full/thumbs/66.jpg","ЛАДИЛНИК","КАПАЦИТЕТ НА ЛАДИЛНИКОТ 229л","КАПАЦИТЕТ НА ЗАМРЗНУВАЧОТ 21л","КЛАСА НА ЕНЕРГЕТСКА ЕФИКАСНОСТ E","АВТОМАТСКО ОДМРЗНУВАЊЕ","LED-ОСВЕТЛУВАЊЕ","5 ПОЛИЦИ ВО ДЕЛОТ ЗА ЛАДЕЊЕ","ПРИЛАГОДИВИ ПО ВИСИНА 4","ДИМЕНЗИИ (В/Ш/Д) 140/55/63","","","","","","","","","","","","","","","","","","","","","","","","","","","","","","","","","","","","","",""
"TEHNO MARKET","GORENJE NRK-6191ES4 ЛАДИЛНИК","23991.00 ден","https://d3mrte3vpewnxc.cloudfront.net/img/products/full/thumbs/gorenjenrk-6191es4.jpg","КОМБИНИРАН ЛАДИЛНИК","КАПАЦИТЕТ НА ЛАДИЛНИКОТ 203л","КАПАЦИТЕТ НА ЗАМРЗНУВАЧОТ 99л","NO FROST","CrispZone ФИОКА ЗА ЗЕЛЕНЧУК","ЛЕД дисплеј","ЛЕД осветлување","4 стаклени полици","Полица за шишиња на вратата: Сад за шишиња без држач","ДИМЕНЗИИ В/Ш/Д 185/60/60","","","","","","","","","","","","","","","","","","","","","","","","","","","","","","","","","","","","",""
"TEHNO MARKET","FAVORIT NF379 EB","24999.00 ден","https://d3mrte3vpewnxc.cloudfront.net/img/products/full/thumbs/nf379b.jpg","","","","","","","","","","","","","","","","","","","","","","","","","","","","","","","","","","","","","","","","","","","","","","",""
"TEHNO MARKET","LIEBHERR CTPELE251","25999.00 ден","https://d3mrte3vpewnxc.cloudfront.net/img/products/full/thumbs/ctpel251-21.jpg","КОМБИНИРАН ЛАДИЛНИК","ВКУПЕН НЕТО КАПАЦИТЕТ 270 l","КАПАЦИТЕТ НА ЛАДИЛНИКОТ 218 l","КАПАЦИТЕТ НА ЗАМРЗНУВАЧОТ 52 l","EНЕРГЕТСКА КЛАСА E","ПРОЦЕС НА ОДМРЗНУВАЊЕ АВТОМАТСКИ","LED-ОСВЕТЛУВАЊЕ","ДИМЕНЗИИ (В/Ш/Д) 157,1 / 55,0 / 63,0 cm","","","","","","","","","","","","","","","","","","","","","","","","","","","","","","","","","","","","","","",""
"TEHNO MARKET","WHIRLPOOL WNF 821 E X","20991.00 ден","https://d3mrte3vpewnxc.cloudfront.net/img/products/full/thumbs/wnf-821-e-x-frigos-1.jpg.jpg","КОМБИНИРАН ЛАДИЛНИК","КАПАЦИТЕТ НА ЛАДИЛНИКОТ 230л","КАПАЦИТЕТ НА ЗАМРЗНУВАЧОТ 98л","NO FROST ВО ЗАМРЗНУВАЧОТ","ЛЕД ОСТВЕТЛУВАЊЕ","Multiflow","6th sense control","ЕНЕРГЕТСКА КЛАСА E","ДИМЕНЗИИ В/Ш/Д 189/60/66","","","","","","","","","","","","","","","","","","","","","","","","","","","","","","","","","","","","","",""
"NEPTUN","Фрижидер FUEGO RFFGHOMB 51 SW","5499.00 ден.","https://www.neptun.mk/2023/08/17/Picture1_fff73c37-4165-4fa9-bd2e-c82222eff75d.png?width=192","Фрижидер","Енергетска класа: А+","Нето капацитет:40L","Механичка контрола","Реверзибилна врата","Ниво на бучава:39dB","Димензии:44x47x51cm","*Можност за 5 годишна гаранција со доплата","","","","","","","","","","","","","","","","","","","","","","","","","","","","","","","","","","","","","","",""
"NEPTUN","Фрижидер FUEGO RFFGHOMB 51 SB, 40L, A+","5999.00 ден.","https://www.neptun.mk/2023/10/03/CLOSE1_17d14be5-05e1-409d-93d3-e15eac8d9ebe.jpg?width=192","Фрижидер","Енергетска класа: А+","Нето капацитет:40L","Механичка контрола","Реверзибилна врата","Ниво на бучава:39dB","Димензии:44x47x51cm","","","","","","","","","","","","","","","","","","","","","","","","","","","","","","","","","","","","","","","",""
"NEPTUN","Фрижидер FUEGO FGTF 484 W/N","7499.00 ден.","https://www.neptun.mk/2023/04/28/Fuego01_f0f66bbd-7121-400e-9437-743859cafe09.jpg?width=192","Фрижидер","Автоматско одмрзнување","Енергетска класа:A","Нето капацитет:82L","Димензии:84x48x43cm","*Можност за 5 годишна гаранција со доплата","","","","","","","","","","","","","","","","","","","","","","","","","","","","","","","","","","","","","","","","",""
"NEPTUN","Фрижидер BEKO LS9052WN, Е, 88L","8499.00 ден.","https://www.neptun.mk/2024/05/14/LS9052WN_25482f5f-d8b7-4df0-9b22-64af1f328bf5.JPG?width=192","Фрижидер","LED Illumination®","Енергетска класа:Е","Капацитет на фрижидерот: 88L","Механички контроли","Реверзибилна врата","Потрошувачка на енергија годишно:85kWh","Потрошувачка на енергија дневно:0.24kWh","Ниво на бучава:39dB","Димензии:85x48x45cm","","","","","","","","","","","","","","","","","","","","","","","","","","","","","","","","","","","","",""
"NEPTUN","Фрижидер HOOBART RFHBHOTT85SW, 90L, А","8999.00 ден.","https://www.neptun.mk/2024/05/16/RFHBHOTT85SW1_120aba58-e689-4928-a563-6f547c7846ef.png?width=192","Фрижидер","Енергетска класа:А","Капацитет на фрижидерот: 90L","Механички контроли","Комора за замрзнување","Ниво на бучава:41dB","Димензии:85x47.5x44.5cm","","","","","","","","","","","","","","","","","","","","","","","","","","","","","","","","","","","","","","","",""
"NEPTUN","BEKO RS 9051 PN","9499.00 ден.","https://www.neptun.mk/2025/04/17/bekofrizider_24a8fe31-f049-4637-92a5-03159e86b7e2.png?width=192","Фрижидер","MinFrost","Нето капацитет:93L","Енергетска класа:Е","Годишна потрошувачка на енергија:106.95kWh","Ниво на бучава:39dB","Боја: нерѓосувачки челик","Стаклени полиси","Фиока за свежа храна","LED Illumination","Димензии (ВxШxД):85x48x45cm","","","","","","","","","","","","","","","","","","","","","","","","","","","","","","","","","","","",""
"NEPTUN","Фрижидер BEKO TSE 1284 N, 101L, Е","11999.00 ден.","https://www.neptun.mk/2021/06/04/4_8bb09aa6-c829-477f-8bd9-abba2723b605.jpg?width=192","Фрижидер","MinFrost®","Led Illumination®","Реверзибилна врата","Долготрајни стаклени полици","Енергетска класа:Е","Нето капацитет:101L","Капацитет на замрзнување:2kg/24h","Потрошувачка на енергија годишно:137kWh","Дневна потрошувачка на енергија:0.4kWh","Ниво на бучава:36dB","Димензии:84x54x59cm","","","","","","","","","","","","","","","","","","","","","","","","","","","","","","","","","","",""
"NEPTUN","Фрижидер BEKO TSE 1524 N, E, 128L","11999.00 ден.","https://www.neptun.mk/2024/05/13/7247240512-LO1-20230417-112128_c89224ca-ba5c-4824-aa10-daf48ef1beeb.png?width=192","Фрижидер","Led Illumination®","Реверзибилна врата","Долготрајни стаклени полици","Енергетска класа:Е","Нето капацитет:128L","Капацитет на замрзнување:5kg/24h","Потрошувачка на енергија годишно:90kWh","Дневна потрошувачка на енергија:0.25kWh","Механички контроли","Ниво на бучава:37dB","Димензии:84x54x59cm","","","","","","","","","","","","","","","","","","","","","","","","","","","","","","","","","","",""
"NEPTUN","Фрижидер HOOBART RFHBHOLA143SW, A","12999.00 ден.","https://www.neptun.mk/2024/05/28/RFHBHOLA143SW1_e863e755-184b-43dd-b1ef-f16666d825d9.png?width=192","Фрижидер","Енергетска класа: A","Ниво на бучава: 40dB","Механички контроли","Димензии: 54.5 x 55.5 x 143cm","","","","","","","","","","","","","","","","","","","","","","","","","","","","","","","","","","","","","","","","","",""
"NEPTUN","Фрижидер FUEGO RFFGHOLA 143 SW, 156L, A","13499.00 ден.","https://www.neptun.mk/2023/11/07/RFFGHOLA143SWCLOSE_fbf452dc-c5cb-4a98-9562-d0367d8aba72.png?width=192","Фрижидер","Енергетска класа А","4 стаклени полици","5 полици на вратата","Капацитет: 156l","Бела боја","Димензии: 55x58x143cm","*Можност за 5 годишна гаранција со доплата","","","","","","","","","","","","","","","","","","","","","","","","","","","","","","","","","","","","","","",""
"NEPTUN","Фрижидер HOOBART RFHBHOLA143SS, А","13999.00 ден.","https://www.neptun.mk/2024/06/10/Screenshot2024-06-07120916_006e5d7a-574e-4532-8076-0783cb30a5a8.png?width=192","Фрижидер","Енергетска класа: A","Ниво на бучава: 40dB","Механички контроли","Димензии: 54.5 x 55.5 x 143cm","","","","","","","","","","","","","","","","","","","","","","","","","","","","","","","","","","","","","","","","","",""
"NEPTUN","Фрижидер BEKO RSSA 290 M41WN, E, 286L","19999.00 ден.","https://www.neptun.mk/2024/05/14/7501720040-LO1-20230824-135530_cb115de2-2dbb-426e-a7a6-b0353a748bbd.png?width=192","Фрижидер","Led Illumination®","Реверзибилна врата","Долготрајни стаклени полици","Енергетска класа:Е","Нето капацитет:286L","Потрошувачка на енергија годишно:109kWh","Дневна потрошувачка на енергија:0.298kWh","Механички контроли","Ниво на бучава:38dB","Димензии:150.8x59.5x59.2cm","","","","","","","","","","","","","","","","","","","","","","","","","","","","","","","","","","","",""
